State,01 01 2010,01 02 2010,01 03 2010,01 04 2010,01 05 2010,01 06 2010,01 07 2010,01 08 2010,01 09 2010,01 10 2010,01 11 2010,01 12 2010,01 01 2011,01 02 2011,01 03 2011,01 04 2011,01 05 2011,01 06 2011,01 07 2011,01 08 2011,01 09 2011,01 10 2011,01 11 2011,01 12 2011,01 01 2012,01 02 2012,01 03 2012,01 04 2012,01 05 2012,01 06 2012,01 07 2012,01 08 2012,01 09 2012,01 10 2012,01 11 2012,01 12 2012,01 01 2013,01 02 2013,01 03 2013,01 04 2013,01 05 2013,01 06 2013,01 07 2013,01 08 2013,01 09 2013,01 10 2013,01 11 2013,01 12 2013,01 01 2014,01 02 2014,01 03 2014,01 04 2014,01 05 2014,01 06 2014,01 07 2014,01 08 2014,01 09 2014,01 10 2014,01 11 2014,01 12 2014,01 01 2015,01 02 2015,01 03 2015,01 04 2015,01 05 2015,01 06 2015,01 07 2015,01 08 2015,01 09 2015,01 10 2015,01 11 2015,01 12 2015,01 01 2016,01 02 2016,01 03 2016,01 04 2016,01 05 2016,01 06 2016,01 07 2016,01 08 2016,01 09 2016,01 10 2016,01 11 2016,01 12 2016,01 01 2017,01 02 2017,01 03 2017,01 04 2017,01 05 2017,01 06 2017,01 07 2017,01 08 2017,01 09 2017,01 10 2017,01 11 2017,01 12 2017,01 01 2018,01 02 2018,01 03 2018,01 04 2018,01 05 2018,01 06 2018,01 07 2018,01 08 2018,01 09 2018,01 10 2018,01 11 2018,01 12 2018,01 01 2019,01 02 2019,01 03 2019,01 04 2019,01 05 2019,01 06 2019,01 07 2019,01 08 2019,01 09 2019,01 10 2019,01 11 2019,01 12 2019,01 01 2020,01 02 2020,01 03 2020,01 04 2020,01 05 2020,01 06 2020,01 07 2020,01 08 2020,01 09 2020,01 10 2020,01 11 2020,01 12 2020,01 01 2021,01 02 2021,01 03 2021,01 04 2021,01 05 2021,01 06 2021,01 07 2021,01 08 2021,01 09 2021,01 10 2021,01 11 2021,01 12 2021,01 01 2022,01 02 2022,01 03 2022,01 04 2022,01 05 2022,01 06 2022,01 07 2022,01 08 2022,01 09 2022,01 10 2022,01 11 2022,01 12 2022
Connecticut,"2,446","2,221","2,566","2,569","2,874","2,789","2,925","2,901","2,712","2,885","2,679","2,606","2,248","2,180","2,523","2,487","2,776","2,744","2,854","2,758","2,670","2,800","2,679","2,706","2,361","2,247","2,480","2,452","2,770","2,678","2,746","2,789","2,556","2,679","2,572","2,534","2,411","2,081","2,460","2,497","2,827","2,708","2,822","2,852","2,629","2,836","2,599","2,534","2,328","2,087","2,453","2,501","2,847","2,745","2,845","2,829","2,672","2,866","2,586","2,637","2,269","2,077","2,397","2,508","2,853","2,738","2,880","2,813","2,672","2,847","2,639","2,556","2,417","2,265","2,593","2,538","2,857","2,813","2,872","2,876","2,695","2,842","2,692","2,527","2,456","2,274","2,493","2,571","2,918","2,855","2,856","2,865","2,715","2,864","2,746","2,513","2,273","2,163","2,399","2,495","2,942","2,784","2,900","2,806","2,701","2,909","2,656","2,636","2,364","2,182","2,509","2,494","2,899","2,681","2,922","2,799","2,687","2,885","2,644","2,547","2,412","2,167","1,841","1,267","1,799","2,052","2,455","2,468","2,437","2,559","2,217","2,147","2,022","1,707","2,238","2,169","2,613","2,627","2,719","2,633","2,638","2,909","2,908","2,822","2,458","2,367","2,827","2,687","3,028","3,037","3,093","3,117","2,941","3,098","2,836","2,245"
Maine,"1,101","1,104","1,284","1,210","1,301","1,316","1,394","1,326","1,215","1,253","1,135","1,139","1,091","1,004","1,223","1,105","1,221","1,281","1,339","1,273","1,240","1,238","1,147","1,166","1,080","1,075","1,217","1,142","1,253","1,289","1,340","1,292","1,150","1,184","1,110","1,067","1,081",978,"1,181","1,134","1,263","1,268","1,343","1,309","1,166","1,217","1,105","1,063","1,054",998,"1,144","1,130","1,254","1,285","1,332","1,300","1,178","1,220","1,077","1,120","1,031",989,"1,185","1,149","1,292","1,295","1,382","1,313","1,216","1,257","1,134","1,159","1,121","1,068","1,259","1,184","1,302","1,367","1,406","1,334","1,283","1,314","1,178","1,163","1,143","1,069","1,221","1,189","1,318","1,392","1,419","1,366","1,262","1,322","1,199","1,163","1,052","1,015","1,189","1,161","1,350","1,337","1,413","1,355","1,228","1,311","1,138","1,217","1,063","1,010","1,230","1,178","1,316","1,284","1,415","1,337","1,235","1,286","1,170","1,152","1,107","1,008","1,121",718,927,"1,065","1,219","1,166","1,139","1,170","1,030","1,107",980,918,"1,178","1,068","1,275","1,344","1,378","1,291","1,243","1,278","1,150","1,124",998,981,"1,151","1,043","1,283","1,371","1,416","1,462","1,392","1,356","1,157","1,136"
Massachusetts,"4,633","4,258","4,734","4,239","4,724","4,857","5,124","4,855","4,448","4,944","4,525","4,731","4,207","4,031","4,621","4,065","4,554","4,766","5,047","4,739","4,360","4,645","4,513","4,848","4,304","4,171","4,541","3,988","4,597","4,576","4,798","4,733","4,216","4,509","4,326","4,469","4,539","4,031","4,513","4,119","4,808","4,691","5,013","4,849","4,415","4,816","4,522","4,489","4,410","4,039","4,609","4,160","4,814","4,820","5,048","4,900","4,552","4,842","4,396","4,711","4,348","4,009","4,695","4,285","4,964","5,028","5,280","5,089","4,752","5,060","4,669","4,973","4,766","4,465","5,039","4,363","5,019","5,192","5,303","5,177","4,804","5,068","4,871","4,937","4,970","4,452","4,949","4,492","5,219","5,321","5,457","5,418","4,963","5,388","4,998","4,933","4,616","4,338","4,830","4,708","5,524","5,419","5,734","5,568","5,250","5,697","4,943","5,445","4,696","4,348","5,109","4,865","5,553","5,461","5,860","5,587","5,396","5,609","5,525","5,710","5,211","4,809","4,173","2,673","3,666","4,389","5,197","5,035","4,921","5,122","4,536","4,742","4,097","3,674","4,735","4,195","5,050","5,319","5,535","5,340","5,120","5,460","5,156","5,260","4,524","4,417","5,172","5,033","5,501","5,360","5,415","5,615","5,330","5,512","5,158","5,102"
New Hampshire,984,956,"1,117","1,110","1,106","1,179","1,257","1,265","1,110","1,140",995,"1,070",943,907,"1,082","1,057","1,059","1,132","1,223","1,192","1,071","1,096",994,"1,038",960,947,"1,072","1,067","1,090","1,151","1,196","1,233","1,046","1,079",978,"1,007",969,882,"1,058","1,067","1,090","1,141","1,200","1,239","1,047","1,112",974,"1,014",946,903,"1,059","1,083","1,096","1,177","1,204","1,239","1,072","1,132",971,"1,071",955,896,"1,105","1,121","1,150","1,201","1,252","1,268","1,120","1,175",997,"1,120","1,022",973,"1,136","1,126","1,146","1,241","1,252","1,266","1,126","1,117","1,015","1,090","1,021",988,"1,092","1,109","1,138","1,228","1,233","1,278","1,121","1,173","1,017","1,069",966,926,"1,085","1,121","1,193","1,223","1,269","1,294","1,117","1,220",999,"1,163",975,927,"1,166","1,163","1,201","1,219","1,297","1,319","1,147","1,225","1,049","1,109","1,051",934,950,676,834,"1,009","1,118","1,144","1,077","1,093",894,996,879,795,"1,065","1,061","1,113","1,221","1,226","1,231","1,137","1,179","1,043","1,045",941,934,"1,065","1,056","1,185","1,231","1,310","1,310","1,195","1,211","1,049","1,038"
New Jersey,"5,121","4,933","6,482","6,376","6,322","6,525","6,267","6,277","6,587","6,488","6,392","6,352","4,796","5,115","6,334","6,158","6,225","6,310","6,032","6,013","6,393","6,279","6,310","6,341","5,072","5,163","6,345","6,109","6,299","6,342","6,096","6,221","6,331","6,315","6,274","6,044","5,165","5,104","6,225","6,360","6,511","6,362","6,263","6,339","6,562","6,465","6,408","6,022","4,871","4,905","6,077","6,348","6,424","6,209","6,136","6,175","6,562","6,540","6,319","6,310","5,013","5,166","6,149","6,500","6,665","6,308","6,297","6,362","6,778","6,593","6,582","6,530","5,197","5,510","6,636","6,588","6,639","6,530","6,281","6,534","6,932","6,720","6,813","6,561","5,464","5,483","6,414","6,461","6,613","6,496","6,236","6,531","6,954","6,602","6,754","6,542","5,416","5,356","6,069","6,573","6,866","6,463","6,490","6,606","6,896","6,626","6,744","6,883","5,547","5,296","6,585","6,887","7,019","6,502","6,700","6,674","7,063","6,664","6,980","6,757","5,468","5,461","5,136","3,519","4,697","5,560","5,508","5,805","6,534","6,116","5,978","6,031","4,350","4,296","5,986","5,262","6,328","6,211","6,226","6,119","6,657","6,475","6,319","6,361","5,383","5,566","6,531","5,753","6,556","6,866","6,965","7,077","6,650","6,857","6,445","6,416"
New York,"10,137","9,417","11,827","11,294","11,983","11,710","12,064","12,449","11,539","11,381","10,554","11,142","9,786","9,485","11,489","10,839","11,758","11,395","11,595","12,099","11,332","10,918","10,750","11,457","9,861","9,617","11,411","10,673","11,632","11,145","11,349","11,992","10,953","10,515","9,941","10,624","9,796","9,126","10,866","10,690","11,490","10,862","11,197","11,700","10,549","10,645","9,593","10,324","9,226","8,770","10,683","10,569","11,308","10,785","11,143","11,621","10,550","10,495","9,563","10,762","10,085","9,615","12,073","12,010","13,221","12,190","12,850","13,343","11,740","11,232","10,057","11,594","9,948","9,619","12,218","11,834","12,639","11,866","12,534","12,870","11,382","10,829","9,750","11,137","9,521","9,327","11,275","11,102","12,200","11,254","11,654","12,378","10,612","10,144","9,400","10,279","8,998","8,754","10,406","10,558","11,716","10,557","11,083","11,737","9,964","9,980","8,936","10,305","9,149","8,764","11,052","10,853","11,652","10,587","11,405","11,948","10,383","10,195","9,109","10,241","9,483","8,799","8,801","6,003","7,684","8,471","9,699","10,267","9,446","8,960","7,921","8,838","7,883","7,457","10,147","9,274","10,445","10,211","10,467","10,663","9,703","9,262","9,245","9,027","8,022","8,081","9,338","8,670","10,013","10,371","10,521","10,610","10,038","10,032","9,264","8,610"
Pennsylvania,"7,370","6,686","8,753","9,097","9,184","9,447","9,940","10,049","9,267","9,480","8,615","9,672","7,007","6,948","8,385","8,490","8,902","9,224","9,513","9,696","8,990","9,172","8,436","9,637","7,060","6,973","8,219","8,176","8,742","8,748","8,975","9,401","8,441","8,666","8,045","8,992","6,979","6,652","7,753","8,114","8,650","8,468","9,058","9,319","8,417","8,795","7,826","8,947","6,612","6,281","7,724","8,138","8,405","8,648","9,097","9,380","8,687","9,009","7,776","9,303","6,778","6,465","7,705","8,245","8,496","8,774","9,349","9,432","8,783","8,974","8,007","9,551","6,921","6,864","8,370","8,346","8,495","9,039","9,361","9,640","9,109","9,194","8,214","9,222","7,271","7,077","8,058","8,443","8,638","9,191","9,432","9,812","9,056","9,264","8,367","9,413","7,275","6,620","7,706","8,458","9,157","9,041","9,639","9,860","9,037","9,508","8,293","8,723","7,382","6,638","8,142","8,593","9,118","8,812","9,746","9,832","9,473","9,513","8,337","8,420","7,512","6,943","6,561","4,647","6,287","7,511","8,497","8,307","8,485","8,324","7,123","6,896","6,323","5,570","7,554","7,504","8,189","8,620","9,243","8,995","8,647","8,818","8,091","8,106","6,921","6,953","8,006","7,956","8,739","8,597","8,694","8,865","8,390","8,702","7,975","8,229"
Rhode Island,439,554,638,667,753,745,815,864,"1,052",590,592,644,413,544,629,639,722,732,784,826,"1,052",571,584,655,443,553,631,635,732,718,797,865,983,586,584,616,432,501,601,628,717,696,785,848,973,579,570,597,413,496,582,603,710,693,757,903,977,584,565,622,400,427,562,611,712,684,769,828,970,600,576,620,419,503,595,611,687,703,735,833,942,568,573,597,431,507,588,611,723,706,740,866,982,616,614,613,427,489,575,609,772,714,816,874,"1,051",637,592,641,443,473,574,630,721,717,794,854,"1,018",592,595,606,418,460,484,381,489,558,635,688,926,511,515,506,328,376,514,526,644,666,679,778,"1,031",572,669,624,528,528,645,646,722,712,710,790,797,700,677,613
Vermont,671,563,586,539,646,624,751,728,624,634,522,558,693,571,594,546,652,643,770,742,671,653,544,572,641,547,549,504,626,607,712,704,603,595,508,519,645,532,568,511,632,599,719,712,610,614,500,523,634,535,535,524,634,614,729,709,617,617,503,540,631,527,543,532,639,621,744,714,637,627,515,559,657,552,578,535,604,620,740,720,635,616,515,553,611,565,593,511,624,635,761,749,649,642,535,561,524,520,612,529,630,638,747,743,636,656,555,604,528,517,638,543,627,635,757,740,642,664,554,573,561,512,454,279,404,481,600,586,564,563,441,474,473,441,531,441,545,564,693,669,625,620,540,555,540,530,545,478,602,610,651,653,614,638,544,539
Delaware,660,553,740,789,794,879,924,889,829,773,704,689,620,592,700,765,767,868,938,863,819,762,711,749,643,616,707,741,751,917,941,864,811,722,662,658,653,614,700,760,776,915,972,880,834,764,662,650,607,592,674,745,771,934,961,882,839,780,667,694,658,630,708,780,815,973,"1,016",925,905,816,709,740,694,699,784,818,825,"1,020","1,028",956,945,856,753,768,711,720,784,822,845,"1,049","1,033",962,958,863,749,746,719,679,734,823,875,"1,032","1,005",962,952,893,744,789,731,674,786,861,904,"1,014","1,014",993,987,911,768,791,743,689,655,458,592,933,891,753,898,772,653,683,631,388,748,694,812,998,848,846,907,786,840,708,610,972,802,705,851,863,700,777,804,794,832,744
District of Columbia,299,289,348,301,339,334,242,357,326,333,307,305,370,311,377,332,337,328,237,350,324,326,312,295,373,278,346,314,321,313,222,337,302,301,287,291,306,258,313,306,307,296,230,325,292,319,290,302,297,246,295,303,307,315,239,319,294,309,280,313,318,241,302,300,320,341,251,352,332,307,274,303,285,224,307,294,307,341,227,362,329,302,277,298,306,206,296,296,292,301,226,363,337,329,288,310,362,245,291,313,329,332,246,326,360,347,292,313,349,256,349,357,351,349,266,360,371,325,284,307,331,242,262,218,215,274,210,294,288,257,235,255,272,193,348,384,293,342,231,349,329,291,255,216,209,231,363,386,282,280,279,283,289,271,245,203
Florida,"16,227","15,095","17,543","16,911","16,641","16,528","16,671","16,479","15,782","16,665","16,260","16,408","16,075","15,000","17,087","16,223","15,989","15,988","16,203","16,198","15,420","15,947","15,867","16,287","16,308","15,079","17,665","16,221","16,538","16,019","16,220","16,223","15,049","16,288","15,499","15,458","16,530","14,963","17,312","15,975","16,738","16,031","15,894","16,475","15,152","16,708","15,670","15,965","16,420","15,198","17,458","16,331","16,918","16,286","16,369","16,669","15,451","17,187","15,996","16,737","17,462","15,918","18,762","17,484","17,969","17,277","17,525","17,192","16,490","18,167","17,068","17,567","18,466","16,906","19,910","18,488","18,807","18,031","18,530","18,246","17,473","18,877","18,100","18,249","18,167","16,616","19,593","18,143","18,701","17,655","18,010","18,097","16,644","18,618","17,858","17,708","18,637","17,173","20,327","18,534","18,985","18,485","18,623","18,838","17,516","19,678","18,401","18,320","19,349","17,550","20,500","19,151","19,692","18,617","19,050","18,692","18,077","19,920","18,170","19,023","19,697","17,414","16,479","11,102","15,248","16,485","16,634","16,145","16,254","17,599","16,101","17,588","17,604","16,137","19,707","17,275","19,308","19,340","19,377","18,463","18,831","20,031","20,025","20,720","20,070","19,438","22,484","19,916","21,698","19,908","20,222","20,170","20,495","21,016","20,756","19,205"
Georgia,"8,483","8,165","9,433","9,716","9,594","8,967","9,281","8,929","8,494","9,449","8,414","8,952","8,653","8,412","9,501","9,611","9,574","8,896","9,066","8,804","8,397","9,205","8,224","8,716","8,562","8,478","9,671","9,595","9,958","9,167","9,378","9,127","8,274","9,502","8,469","8,798","8,540","8,403","9,472","9,643","9,994","9,077","9,487","9,193","8,494","9,695","8,399","8,946","8,419","8,351","9,770","9,802","10,250","9,333","9,859","9,285","8,623","9,973","8,626","9,287","9,014","8,729","10,018","10,183","10,745","9,887","10,421","9,718","9,043","10,086","8,878","9,811","9,168","9,331","10,526","10,551","11,066","10,191","10,775","10,126","9,301","10,257","9,278","9,999","9,571","9,453","10,755","10,707","11,335","10,400","10,801","10,301","9,298","10,389","9,461","9,927","9,708","9,294","10,782","10,600","11,138","10,679","10,586","10,125","9,521","10,768","9,360","10,081","9,869","9,156","10,680","10,924","11,442","10,240","11,044","10,353","9,972","11,017","10,087","11,421","10,785","9,808","9,188","7,104","9,555","9,740","10,695","9,706","9,417","10,555","9,248","10,446","9,421","9,145","10,872","10,935","11,727","11,243","11,816","10,597","10,209","11,398","10,787","10,776","9,976","9,986","11,267","10,693","11,424","10,946","10,906","11,362","10,996","11,529","10,765","10,093"
Maryland,"4,049","3,241","4,748","4,746","5,049","5,082","5,011","5,244","4,451","5,034","4,620","4,313","3,948","4,051","4,682","4,602","4,996","5,026","4,862","5,071","4,352","4,866","4,574","4,538","4,175","3,905","4,765","4,619","5,108","5,080","4,916","5,300","4,360","4,837","4,614","4,315","4,207","3,863","4,629","4,740","5,185","5,053","4,989","5,369","4,444","5,026","4,594","4,315","4,050","3,711","4,458","4,731","5,181","5,085","4,995","5,322","4,479","5,110","4,570","4,494","4,174","3,794","4,575","4,867","5,297","5,227","6,307","5,305","4,413","5,215","4,762","4,686","3,962","3,928","4,865","4,812","5,150","5,327","6,155","5,323","4,390","5,141","4,792","4,639","4,315","4,106","4,790","4,831","5,279","5,403","6,255","5,353","4,460","5,238","4,838","4,549","4,599","3,956","4,572","4,955","5,525","5,267","5,985","5,538","4,467","5,375","4,761","4,663","4,554","3,873","4,758","5,116","5,538","5,244","6,026","5,584","4,604","5,348","4,928","4,811","4,348","3,957","3,766","2,686","3,606","4,309","5,512","4,936","4,333","4,794","4,199","4,204","3,790","3,251","4,308","4,297","4,883","5,015","5,918","5,301","4,513","5,120","4,993","4,876","4,215","4,265","4,775","4,551","4,939","4,798","4,950","5,058","4,914","4,988","4,641","4,704"
North Carolina,"7,719","7,278","8,825","8,760","8,850","8,896","9,237","9,023","8,560","9,265","8,191","7,788","9,792","9,629","10,982","10,926","10,880","11,043","11,056","11,071","10,877","11,243","10,202","10,205","8,018","7,547","8,982","8,410","8,951","8,773","8,884","8,612","8,230","8,926","8,141","8,003","8,132","7,641","9,016","8,724","9,265","8,913","9,260","8,996","8,699","9,318","8,353","8,433","7,861","7,445","8,917","8,843","9,525","9,112","9,400","9,053","8,697","9,657","8,406","8,585","8,476","7,322","9,522","9,188","9,836","9,508","9,825","9,324","9,145","9,743","8,857","9,084","8,629","8,301","10,281","9,651","10,024","9,931","10,178","9,820","9,644","10,144","9,451","9,341","9,081","8,843","10,282","9,888","10,325","10,090","10,243","9,922","9,692","10,402","9,702","9,284","9,144","8,410","10,166","9,897","10,755","10,423","10,427","10,162","9,479","10,498","9,508","9,377","10,113","8,387","10,623","10,110","11,056","10,429","10,888","10,281","9,812","10,603","9,778","10,534","10,330","8,034","8,791","6,404","8,270","9,286","10,013","9,315","9,371","10,367","9,042","9,262","8,346","7,472","10,167","9,461","10,343","10,559","10,856","10,130","10,114","11,062","9,714","9,717","8,239","8,794","9,990","8,703","10,243","10,005","10,238","10,386","9,942","10,497","9,590","9,617"
South Carolina,"3,789","3,748","4,351","4,389","4,421","4,371","4,569","4,320","4,118","4,144","3,905","3,873","3,640","3,790","4,256","4,239","4,315","4,208","4,342","4,119","3,995","4,061","3,927","3,855","3,802","3,751","4,287","4,157","4,312","4,235","4,295","4,237","3,911","4,003","3,788","3,755","3,837","3,698","4,312","4,202","4,446","4,281","4,407","4,356","4,066","4,156","3,882","3,968","3,779","3,705","4,385","4,402","4,608","4,435","4,573","4,466","4,160","4,328","3,936","4,188","4,008","3,848","4,527","4,509","4,696","4,584","4,760","4,547","4,345","4,286","4,120","4,239","4,117","4,100","4,825","4,650","4,777","4,767","4,841","4,690","4,424","4,255","4,302","4,277","4,266","4,223","4,831","4,767","4,931","4,845","4,829","4,752","4,343","4,498","4,346","4,228","4,208","4,148","4,778","4,786","5,052","4,965","4,912","4,878","4,339","4,853","4,387","4,327","4,447","4,196","4,855","4,873","5,095","4,869","5,100","4,882","4,690","4,729","4,470","4,784","4,667","4,217","4,122","3,196","4,135","4,540","4,791","4,371","4,704","4,421","4,088","4,284","4,082","3,961","4,807","4,651","5,022","5,084","5,316","4,845","4,923","4,727","4,978","5,062","4,530","4,819","5,473","5,074","5,283","5,063","5,148","5,194","5,006","5,258","4,918","4,886"
Virginia,"6,060","5,391","6,991","7,154","7,327","7,294","7,576","7,468","6,910","7,152","6,804","6,436","5,998","5,852","6,746","6,803","7,079","7,044","7,222","7,151","6,621","6,872","6,619","6,577","6,206","5,862","6,898","6,758","7,215","7,096","7,191","7,286","6,586","6,790","6,712","6,443","6,048","5,754","6,561","6,815","7,183","6,960","7,177","7,244","6,658","6,875","6,536","6,447","5,928","5,527","6,364","6,897","7,265","7,014","7,291","7,252","6,662","7,063","6,496","6,598","6,260","5,426","6,693","7,119","7,448","7,207","7,557","7,453","6,885","7,205","6,817","6,900","5,970","5,928","7,151","7,147","7,411","7,437","7,602","7,644","7,031","7,324","7,053","6,904","6,413","6,210","7,068","7,274","7,519","7,463","7,509","7,697","7,042","7,327","7,003","6,810","6,766","5,688","6,657","7,310","7,824","7,360","7,676","7,738","6,728","7,455","6,914","6,787","6,946","5,672","6,885","7,449","7,870","7,264","7,848","7,745","7,030","7,515","6,978","7,378","6,798","5,639","5,642","4,170","5,283","5,970","6,724","6,352","6,499","6,550","6,058","6,097","5,657","4,687","6,404","6,517","6,926","7,128","7,632","7,168","6,916","7,162","7,276","7,253","5,912","6,357","7,281","7,020","7,397","7,364","7,540","7,586","7,463","7,539","7,159","6,691"
West Virginia,"1,436","1,226","1,892","1,798","1,888","1,923","1,934","1,830","1,897","1,912","1,703","1,609","1,338","1,158","1,764","1,669","1,284","1,583","1,769","1,679","1,558","1,749","1,942","1,542","1,372","1,449","2,025","1,667","1,305","1,581","1,720","1,715","1,512","1,749","1,934","1,510","1,357","1,349","1,828","1,646","1,276","1,469","1,688","1,658","1,478","1,729","1,829","1,470","1,246","1,281","1,781","1,598","1,258","1,468","1,678","1,618","1,500","1,727","1,870","1,531","1,359","1,306","1,882","1,654","1,324","1,544","1,790","1,693","1,583","1,797","1,968","1,615","1,364","1,346","1,978","1,613","1,295","1,550","1,769","1,701","1,616","1,790","2,001","1,597","1,472","1,412","1,969","1,614","1,353","1,575","1,754","1,749","1,631","1,855","2,067","1,655","1,406","1,279","1,854","1,640","1,386","1,598","1,795","1,765","1,529","1,895","2,034","1,656","1,433","1,292","1,812","1,614","1,320","1,514","1,748","1,641","1,492","1,834","1,878","1,616","1,397","1,224","1,478",992,988,"1,341","1,546","1,417","1,412","1,544","1,663","1,370","1,160","1,011","1,736","1,470","1,190","1,467","1,664","1,545","1,482","1,655","1,415","1,428","1,106","1,191","1,448","1,504","1,601","1,568","1,505","1,532","1,510","1,511","1,384","1,258"
Illinois,"7,434","7,629","8,544","8,837","9,373","10,532","9,619","9,303","8,952","9,617","8,077","8,084","7,549","8,131","8,468","8,892","9,166","10,279","9,170","9,402","8,966","9,883","8,284","8,172","7,505","8,214","8,673","9,104","9,498","10,582","9,034","9,371","8,527","9,688","8,029","8,006","7,412","7,851","8,157","8,908","9,217","10,101","8,984","9,386","8,597","9,785","7,900","7,887","7,393","7,822","8,265","9,075","9,376","10,234","9,103","9,191","8,557","9,645","7,821","8,217","8,142","8,099","8,648","9,587","9,576","10,465","9,383","9,327","8,891","9,806","8,014","8,421","7,907","8,347","8,935","9,602","9,607","10,765","9,295","9,452","9,049","9,814","8,198","8,237","7,752","8,468","8,761","9,314","9,508","10,603","9,052","9,374","8,884","9,514","7,978","8,161","7,987","7,896","8,587","9,379","9,640","10,250","9,212","9,369","8,609","9,757","7,746","8,332","7,750","8,076","8,578","9,705","9,538","10,221","9,506","9,371","8,681","9,927","7,942","8,390","8,288","8,179","6,859","5,805","6,643","8,713","8,386","8,072","7,717","8,492","6,618","7,257","7,125","6,698","7,964","8,879","8,810","9,631","8,710","8,444","8,380","9,130","8,738","8,654","7,647","7,038","8,936","8,908","9,792","9,172","9,045","9,288","9,041","9,380","8,625","7,989"
Indiana,"5,718","4,892","6,010","6,413","6,373","6,472","6,687","6,121","6,008","6,604","5,754","5,890","6,300","5,477","6,379","6,910","6,696","6,764","7,045","6,778","6,276","7,070","6,204","6,654","6,266","5,366","6,214","6,631","6,699","6,558","6,718","6,353","5,910","6,839","5,982","6,072","6,341","5,268","5,960","6,736","6,776","6,574","6,898","6,552","6,205","7,087","6,033","6,278","5,986","4,966","5,921","6,634","6,704","6,690","7,029","6,480","6,106","7,003","6,255","6,828","7,011","5,638","6,616","8,007","7,127","7,173","8,718","7,495","7,356","7,864","6,893","7,499","6,178","5,481","6,412","7,200","6,983","6,955","8,139","7,128","6,956","8,092","6,732","7,066","6,286","5,239","6,122","6,865","6,822","6,745","7,840","6,983","6,786","7,253","6,441","6,900","6,316","5,255","6,132","7,106","7,292","6,906","8,394","7,399","6,871","7,835","6,673","7,347","6,338","5,281","6,079","7,165","7,046","6,630","8,223","7,198","6,879","7,782","6,381","7,138","6,630","5,121","4,909","4,315","5,335","6,103","7,555","6,536","6,584","6,937","5,611","6,515","6,128","4,596","6,014","6,838","6,950","6,886","8,465","7,217","7,123","7,541","6,994","6,809","6,103","5,773","7,154","7,024","7,823","7,541","7,573","7,760","7,518","7,443","6,748","5,950"
Iowa,"2,090","2,047","2,548","2,723","2,850","2,861","2,903","2,828","2,786","2,959","2,498","2,359","2,179","2,061","2,489","2,606","2,785","2,852","2,845","2,798","2,761","2,879","2,492","2,443","2,238","2,118","2,581","2,614","2,867","2,877","2,839","2,795","2,703","2,794","2,487","2,321","2,224","2,073","2,448","2,598","2,798","2,823","2,871","2,830","2,692","2,836","2,456","2,354","2,159","2,015","2,444","2,644","2,858","2,819","2,901","2,823","2,733","2,929","2,412","2,446","2,285","2,117","2,581","2,780","2,913","2,935","3,001","2,865","2,812","2,963","2,473","2,466","2,287","2,130","2,625","2,776","2,958","2,999","2,885","2,921","2,806","2,933","2,537","2,468","2,391","2,338","2,763","2,908","3,151","3,202","3,051","3,078","2,962","3,077","2,674","2,646","2,397","2,170","2,659","2,750","3,100","3,068","3,126","3,036","2,870","3,084","2,534","2,598","2,296","2,104","2,653","2,900","3,073","3,037","3,162","3,065","2,884","3,131","2,533","2,643","2,352","2,299","2,226","2,092","2,438","2,828","2,903","2,812","2,817","2,896","2,212","2,304","2,286","2,107","2,679","2,909","3,067","3,087","3,123","2,947","3,008","3,046","2,674","2,635","2,269","2,238","2,640","2,705","2,952","2,911","2,942","3,019","2,919","2,921","2,608","2,537"
Kansas,"2,149","2,226","2,438","2,624","2,653","2,639","2,793","2,687","2,539","2,603","2,528","2,625","2,129","2,157","2,374","2,474","2,547","2,553","2,579","2,583","2,339","2,424","2,379","2,195","2,182","2,181","2,359","2,428","2,556","2,546","2,530","2,608","2,350","2,434","2,404","2,446","2,224","2,073","2,343","2,477","2,614","2,614","2,683","2,734","2,479","2,572","2,468","2,546","2,205","2,137","2,362","2,554","2,711","2,635","2,714","2,751","2,517","2,605","2,467","2,649","2,310","2,275","2,537","2,662","2,729","2,761","2,799","2,814","2,619","2,687","2,526","2,764","2,334","2,417","2,626","2,704","2,732","2,827","2,833","2,857","2,643","2,699","2,679","2,771","2,308","2,457","2,638","2,689","2,800","2,891","2,860","2,946","2,682","2,720","2,688","2,825","2,409","2,286","2,701","2,732","2,934","2,915","2,937","3,026","2,695","2,783","2,527","2,929","2,404","2,242","2,641","2,883","2,793","2,820","2,946","2,897","2,649","2,805","2,599","2,842","2,410","2,466","2,190","1,801","2,190","2,610","2,737","2,689","2,513","2,594","2,318","2,564","2,203","2,082","2,494","2,530","2,673","2,758","2,841","2,779","2,643","2,654","2,513","2,544","2,177","2,046","2,455","2,502","2,690","2,625","2,706","2,689","2,595","2,658","2,430","2,505"
Michigan,"8,376","7,421","8,567","8,475","8,700","9,080","9,195","9,043","8,327","8,686","7,722","8,197","7,977","6,878","7,998","7,824","8,163","8,576","8,542","8,460","7,862","8,057","7,317","8,038","8,062","7,229","8,171","7,916","8,468","8,499","8,417","8,414","7,678","8,218","7,458","7,883","8,071","6,986","7,801","7,919","8,499","8,376","8,447","8,529","7,815","8,319","7,351","7,678","7,420","6,895","7,735","8,094","8,501","8,517","8,575","8,534","7,985","8,413","7,241","8,283","8,097","7,019","8,079","8,271","8,530","8,707","8,798","8,602","8,588","8,694","7,518","8,689","8,765","7,580","8,857","8,958","8,595","9,143","9,221","9,041","8,881","9,248","8,098","8,427","8,821","7,872","8,811","9,041","8,379","8,644","9,257","8,827","8,890","8,974","7,367","8,197","8,300","7,491","8,480","8,488","8,684","8,054","8,681","8,605","8,577","8,699","7,201","9,380","8,153","7,718","8,285","8,481","8,863","8,313","8,946","8,751","8,383","9,009","7,580","9,062","8,384","8,046","6,896","5,057","5,640","6,885","8,256","7,557","7,796","8,098","6,271","7,509","7,294","6,288","8,001","6,801","8,147","8,158","8,655","8,321","8,557","8,544","7,933","7,778","6,913","6,612","8,041","7,231","9,013","8,896","9,094","9,177","8,704","8,789","7,924","7,625"
Minnesota,"4,182","4,001","4,788","4,853","5,197","5,303","5,096","5,237","4,948","5,143","4,679","4,490","4,199","3,969","4,762","4,770","5,024","5,216","5,026","5,296","4,883","4,997","4,690","4,722","4,251","4,025","4,725","4,664","5,211","5,227","5,013","5,319","4,819","4,971","4,892","4,503","4,256","3,962","4,567","4,502","5,147","5,104","5,096","5,281","4,841","5,094","4,879","4,386","4,081","3,850","4,561","4,663","5,225","5,183","5,065","5,301","4,943","5,033","4,665","4,553","4,305","4,048","4,746","4,892","5,303","5,329","5,270","5,249","5,025","5,109","4,878","4,667","4,374","4,189","4,942","4,962","5,390","5,514","5,193","5,363","5,051","5,137","4,951","4,554","4,224","4,100","4,776","4,823","5,259","5,423","5,037","5,227","4,844","4,901","4,894","4,414","4,347","4,032","4,677","4,648","5,323","5,403","5,327","5,208","4,848","5,114","5,021","4,707","4,319","3,828","4,678","4,928","5,390","5,353","5,443","5,246","4,989","5,263","5,036","4,723","4,486","4,186","4,095","3,332","4,079","4,656","4,851","4,469","4,540","4,391","4,108","4,175","3,971","3,906","4,747","4,855","5,274","5,461","5,313","4,806","4,816","4,899","4,692","4,366","3,963","3,674","4,406","4,573","5,487","5,500","5,404","5,173","5,247","5,202","4,567","4,118"
Missouri,"4,946","4,587","5,416","5,812","6,207","6,168","6,480","6,412","6,426","5,725","5,506","5,700","4,922","4,269","5,351","5,547","5,954","5,837","6,295","6,175","5,974","5,450","5,288","5,611","5,200","4,751","5,589","5,637","6,278","5,994","6,202","6,273","6,088","5,554","5,490","5,576","5,238","4,736","5,414","5,635","6,192","5,908","6,290","6,420","6,196","5,641","5,491","5,426","5,109","4,692","5,374","5,695","6,327","6,005","6,456","6,458","6,297","5,735","5,398","5,782","5,459","4,728","5,712","5,944","6,449","6,270","6,723","6,725","6,766","6,045","5,680","6,222","5,642","5,262","6,158","6,264","6,722","6,533","6,794","6,965","6,984","6,177","6,074","6,138","5,360","5,224","6,016","6,013","6,729","6,451","6,587","6,824","6,726","5,945","5,942","6,188","5,606","4,704","5,814","5,871","6,725","6,393","6,837","6,908","6,664","6,064","5,602","6,355","5,542","4,749","5,886","6,289","6,593","6,425","7,098","6,931","6,918","6,341","5,959","6,570","5,686","4,978","4,825","3,994","5,227","5,788","6,515","6,395","6,647","5,900","5,448","6,366","5,552","4,573","6,226","6,071","6,805","7,013","7,292","7,118","7,441","6,468","6,996","6,786","5,914","5,053","6,790","6,346","7,053","7,066","7,276","7,205","6,899","7,089","6,816","6,549"
Nebraska,"1,347","1,340","1,617","1,684","1,777","1,824","1,904","1,900","1,743","1,843","1,640","1,564","1,349","1,348","1,611","1,653","1,749","1,797","1,866","1,842","1,711","1,806","1,638","1,576","1,398","1,342","1,644","1,634","1,762","1,740","1,758","1,788","1,643","1,725","1,605","1,498","1,370","1,321","1,566","1,584","1,734","1,722","1,785","1,772","1,642","1,737","1,599","1,530","1,374","1,331","1,587","1,650","1,813","1,762","1,855","1,827","1,688","1,833","1,595","1,586","1,435","1,365","1,687","1,720","1,838","1,851","1,926","1,876","1,748","1,875","1,631","1,622","1,435","1,416","1,732","1,734","1,856","1,876","1,911","1,895","1,771","1,878","1,704","1,610","1,394","1,449","1,734","1,744","1,888","1,880","1,898","1,901","1,746","1,858","1,709","1,627","1,444","1,370","1,735","1,747","1,940","1,878","1,974","1,937","1,753","1,895","1,653","1,634","1,486","1,326","1,653","1,822","1,899","1,881","2,014","1,922","1,818","1,928","1,638","1,691","1,507","1,467","1,455","1,236","1,449","1,679","1,880","1,791","1,718","1,771","1,476","1,539","1,374","1,341","1,771","1,727","1,866","1,906","2,025","1,916","1,805","1,915","1,738","1,726","1,531","1,472","1,721","1,717","1,843","1,820","1,852","1,883","1,840","1,841","1,663","1,616"
North Dakota,544,550,660,727,744,799,884,828,705,837,686,663,611,581,687,719,744,830,897,831,742,832,689,711,631,606,717,770,771,818,884,835,723,830,663,698,682,646,741,800,812,845,943,888,763,887,735,728,687,686,813,865,807,853,926,900,769,911,694,753,776,775,870,992,833,925,988,881,790,890,713,778,764,710,910,992,854,931,974,877,795,891,726,752,736,674,860,961,815,899,936,842,767,872,683,715,754,646,776,948,810,903,974,865,773,881,676,756,746,619,827,973,816,899,991,860,765,859,696,770,763,690,779,676,635,781,855,733,690,758,581,678,713,651,826,922,753,860,893,779,735,836,753,687,632,590,739,693,861,863,879,894,869,896,726,604
Ohio,"8,275","7,239","9,187","9,109","9,466","9,607","9,999","9,558","9,178","9,491","9,101","8,612","8,553","7,928","9,234","8,947","9,406","9,670","9,891","9,614","9,223","9,514","9,300","9,236","8,835","8,397","9,407","9,057","9,809","9,764","9,898","9,563","8,968","9,589","9,469","8,944","9,231","8,303","9,243","9,394","10,043","9,758","10,201","9,897","9,240","9,774","9,313","9,105","8,517","8,091","9,165","9,395","9,906","9,935","10,251","9,808","9,383","9,957","9,261","9,714","9,026","8,000","9,335","9,581","10,202","10,114","10,641","10,005","9,572","9,862","9,677","9,868","9,250","8,693","9,908","9,882","10,476","10,542","10,714","10,335","9,782","10,095","9,876","9,493","9,244","8,781","9,534","9,722","10,378","10,346","10,456","10,237","9,585","9,883","9,690","9,338","9,161","8,280","9,495","9,873","10,730","10,322","10,934","10,447","9,573","10,320","9,819","10,311","9,201","8,266","9,612","10,031","10,646","10,250","11,186","10,485","9,821","10,375","9,546","9,800","9,627","7,993","7,430","5,915","7,448","8,863","9,457","8,636","8,860","8,833","8,379","8,439","8,431","6,807","8,901","8,948","9,506","9,979","10,298","9,483","9,300","9,256","9,188","9,066","8,114","8,053","9,429","9,437","10,143","9,848","9,846","10,231","9,808","9,957","9,095","8,768"
South Dakota,593,602,757,756,836,888,"1,016",946,830,803,702,728,629,639,782,780,841,877,963,926,832,815,734,783,578,562,732,703,793,809,869,851,741,712,653,654,582,573,714,666,815,842,928,913,785,734,678,677,571,595,717,745,817,864,944,900,794,778,661,727,611,634,803,813,862,917,"1,011",932,835,812,701,743,610,636,810,799,879,918,987,936,830,800,707,724,583,622,780,774,847,908,930,906,797,772,701,721,611,614,751,762,848,937,980,926,801,793,692,718,594,584,758,777,841,945,"1,038",934,848,805,687,765,601,648,698,574,664,814,979,898,855,765,633,742,598,650,897,900,916,973,"1,091",986,910,882,897,839,723,706,865,850,968,975,"1,003","1,021","1,000",991,827,663
Wisconsin,"4,288","4,149","5,083","5,031","5,291","5,229","5,525","5,514","4,950","5,064","4,636","4,507","4,293","4,001","4,887","4,735","5,193","5,112","5,404","5,444","4,903","5,012","4,605","4,619","4,334","4,155","5,023","4,932","5,399","5,376","5,472","5,478","4,886","4,946","4,601","4,373","4,039","3,766","4,535","4,461","5,082","4,908","5,225","5,241","4,617","4,655","4,270","4,060","3,905","3,754","4,509","4,545","5,096","4,964","5,253","5,169","4,690","4,759","4,216","4,275","4,532","4,273","5,210","5,246","5,642","5,632","5,952","5,678","5,274","5,301","4,810","4,732","4,643","4,463","5,414","5,379","5,786","5,770","5,969","5,811","5,321","5,376","4,997","4,646","4,655","4,554","5,518","5,456","5,851","5,901","6,008","5,794","5,332","5,369","4,961","4,761","4,873","4,373","5,598","5,234","5,969","6,038","6,297","5,978","5,448","5,567","4,993","5,054","4,746","4,240","5,492","5,480","5,998","5,932","6,403","6,086","5,535","5,715","5,013","5,031","4,934","4,618","4,459","3,722","4,451","5,256","5,635","5,277","5,039","4,958","4,239","4,357","4,405","4,092","5,284","5,441","5,621","5,915","6,315","5,728","5,559","5,498","5,062","4,917","4,430","4,242","4,992","5,147","5,748","5,837","6,186","6,036","5,699","5,747","5,074","4,887"
Alabama,"4,433","4,357","5,160","5,288","5,189","5,254","5,389","5,434","4,800","4,973","4,615","4,731","4,235","4,238","4,825","4,960","4,896","4,928","4,826","4,971","4,365","4,532","4,251","4,316","4,791","4,794","5,631","5,576","5,607","5,616","5,426","5,695","4,903","5,164","4,892","5,055","4,922","4,816","5,856","5,709","5,849","5,783","5,634","5,983","5,157","5,334","4,934","5,221","4,728","4,799","5,724","5,806","5,991","5,904","5,797","6,019","5,313","5,507","5,012","5,530","5,126","4,864","5,792","6,054","6,152","6,155","6,047","6,150","5,536","5,688","5,251","5,683","5,146","5,153","6,007","6,144","6,263","6,180","6,007","6,281","5,633","5,743","5,395","5,601","5,087","5,126","6,047","6,095","6,297","6,121","6,008","6,319","5,585","5,636","5,392","5,564","5,101","4,975","5,952","6,145","6,253","6,240","6,105","6,364","5,529","5,876","5,349","5,757","5,374","5,029","6,039","6,410","6,463","6,391","6,261","6,471","5,815","6,032","5,530","6,071","5,679","5,058","5,095","4,102","5,393","5,901","5,802","5,771","5,552","5,590","5,138","5,640","5,119","4,837","5,904","5,969","6,193","6,353","6,150","5,924","5,623","5,866","5,909","6,041","5,465","5,505","6,366","5,910","6,371","6,187","6,176","6,148","6,027","6,123","5,747","6,368"
Arkansas,"2,739","2,464","2,905","2,723","2,959","3,074","3,226","3,080","2,709","2,880","2,645","2,898","2,794","2,426","2,775","2,640","2,768","2,859","2,997","2,836","2,564","2,742","2,467","2,738","2,733","2,492","2,830","2,495","2,824","2,908","2,988","2,871","2,451","2,730","2,459","2,711","2,669","2,453","2,733","2,547","2,883","2,947","3,086","2,997","2,492","2,757","2,406","2,677","2,715","2,340","2,616","2,607","2,897","3,036","3,164","2,981","2,459","2,837","2,463","2,827","3,010","2,398","2,738","2,823","3,259","3,204","3,372","3,094","2,699","3,013","2,599","3,096","3,048","2,745","3,004","2,903","3,359","3,244","3,375","3,125","2,736","2,861","2,676","3,017","3,040","2,364","3,544","2,770","3,205","3,223","3,164","2,966","2,708","2,789","2,806","3,167","3,062","2,072","3,461","2,815","3,263","3,259","3,284","3,114","2,705","2,941","2,606","3,093","3,152","2,120","3,408","2,985","3,172","3,216","3,392","3,128","2,800","2,998","2,728","3,348","3,295","2,272","2,912","2,220","2,693","3,130","3,299","2,978","2,829","2,917","2,696","3,087","3,088","2,121","3,605","3,015","3,344","3,499","3,541","3,127","2,947","3,069","3,114","3,105","2,626","2,536","3,140","2,956","3,255","3,107","3,205","3,132","3,123","3,233","3,046","3,053"
Kentucky,"3,509","3,132","3,897","4,231","4,283","4,249","4,373","4,200","3,997","4,217","3,867","3,954","3,542","3,340","3,895","4,084","4,225","4,170","3,559","4,202","3,920","4,163","3,852","4,104","3,665","3,463","4,116","4,291","4,442","4,332","3,605","4,303","3,887","4,254","3,978","3,863","3,720","3,428","3,991","4,366","4,464","4,290","3,681","4,331","4,008","4,338","3,981","3,855","3,689","3,311","3,933","4,427","4,368","4,375","3,808","4,304","3,998","4,351","3,927","4,017","3,841","3,005","3,905","4,556","4,338","4,354","3,840","4,344","4,053","4,255","3,956","3,993","3,728","3,341","4,171","4,490","4,347","4,514","3,887","4,396","4,165","4,344","4,100","4,008","3,933","3,497","4,235","4,507","4,427","4,600","3,871","4,555","4,164","4,363","4,153","3,979","3,962","3,093","3,969","4,433","4,506","4,443","3,875","4,443","4,027","4,373","4,026","4,028","4,074","3,111","3,896","4,535","4,455","4,366","3,962","4,416","4,145","4,431","4,082","4,235","4,259","3,124","3,289","2,961","3,410","4,010","3,681","3,978","3,934","4,075","3,660","3,685","3,714","2,560","3,976","4,415","4,302","4,537","4,016","4,234","4,100","4,261","4,234","4,323","3,585","3,607","4,420","4,282","4,639","4,459","4,467","4,579","4,576","4,689","4,223","3,947"
Louisiana,"3,640","3,292","3,818","3,829","3,718","3,878","3,928","4,221","3,481","3,865","3,718","3,419","3,465","3,110","3,685","3,767","3,559","3,756","3,720","4,002","3,250","3,547","3,423","3,402","3,551","3,157","3,854","3,611","3,717","3,977","3,841","4,122","3,393","3,539","3,668","3,360","3,630","3,299","3,961","3,887","4,021","4,160","4,140","4,526","3,765","3,891","3,346","3,649","3,693","3,210","3,940","3,970","4,116","4,282","4,256","4,569","3,905","3,929","3,533","3,768","3,872","3,332","4,049","4,072","4,243","4,509","4,500","4,768","3,973","4,084","3,740","4,002","3,942","3,499","4,053","4,159","4,282","4,520","4,348","4,705","3,924","4,056","3,743","4,237","3,936","3,426","4,130","4,038","4,205","4,325","4,415","4,410","3,683","3,730","3,722","4,074","3,700","3,281","4,291","3,920","4,301","4,383","4,744","4,746","3,711","3,808","3,532","3,955","3,804","2,972","3,840","3,986","4,262","4,449","4,618","4,950","3,971","4,103","3,798","4,156","3,677","3,327","3,412","2,828","3,521","3,950","4,101","4,227","3,853","3,788","3,754","3,932","3,797","3,229","4,084","4,254","4,408","4,437","4,576","4,606","4,079","4,095","4,393","4,547","4,214","4,165","4,710","4,667","4,970","4,451","4,448","4,479","4,497","4,490","4,284","4,587"
Mississippi,"3,435","3,306","3,971","4,071","3,846","3,975","4,165","3,762","3,544","3,740","3,576","3,224","3,539","3,005","3,605","3,596","3,545","3,625","3,712","3,369","3,313","3,318","3,181","2,911","3,521","2,897","3,417","3,393","3,448","3,496","3,538","3,356","3,030","3,234","3,106","2,792","2,933","2,827","3,337","3,348","3,441","3,445","3,576","3,413","3,021","3,235","3,075","2,814","2,995","2,876","3,387","3,441","3,500","3,523","3,659","3,406","3,137","3,355","3,128","2,937","3,137","2,952","3,457","3,580","3,595","3,680","3,843","3,546","3,343","3,463","3,284","3,079","3,417","3,095","3,613","3,688","3,696","3,802","3,934","3,601","3,434","3,525","3,419","3,061","3,348","3,011","3,571","3,605","3,614","3,713","3,832","3,538","3,374","3,446","3,363","2,972","2,986","2,867","3,524","3,545","3,653","3,719","3,787","3,599","3,230","3,451","3,211","3,050","3,150","2,851","3,458","3,553","3,682","3,670","3,792","3,559","3,280","3,381","3,284","3,084","2,664","2,903","2,820","2,315","2,942","3,344","3,543","3,236","3,270","3,306","3,166","2,927","2,991","2,798","3,314","3,487","3,637","3,706","3,940","3,422","3,374","3,480","3,502","3,539","3,223","3,176","3,569","3,428","3,783","3,564","3,652","3,646","3,556","3,651","3,427","3,206"
Oklahoma,"3,381","3,470","4,088","4,159","4,333","4,109","4,455","4,602","4,157","4,163","4,060","3,515","3,312","3,460","3,943","4,077","4,121","3,974","4,301","4,484","4,108","3,945","3,965","3,639","3,470","3,253","4,076","4,015","4,192","4,014","4,247","4,478","3,994","4,058","3,998","3,551","3,658","3,630","4,128","4,055","4,321","4,107","4,365","4,677","4,153","4,193","4,012","3,481","3,758","3,621","4,175","4,202","4,363","4,100","4,478","4,674","4,196","4,296","4,067","3,827","3,732","3,482","4,167","4,166","4,137","4,133","4,414","4,559","4,157","4,221","4,016","3,725","3,661","3,715","4,230","4,114","4,141","4,064","4,323","4,544","4,158","4,114","4,107","3,666","3,564","3,677","4,308","4,079","4,307","4,190","4,313","4,589","4,195","4,132","4,140","3,734","3,823","3,319","4,288","4,255","4,385","4,254","4,538","4,737","4,160","4,272","4,136","3,789","3,837","3,404","4,104","4,383","4,146","4,140","4,624","4,683","4,241","4,286","3,691","3,561","3,517","3,350","3,376","2,668","3,151","3,593","3,873","3,929","3,744","3,657","3,442","3,137","3,241","2,581","3,934","3,813","3,793","3,865","4,121","4,045","3,814","3,847","3,751","3,829","3,434","2,996","4,078","3,958","4,067","3,863","3,845","3,915","3,911","3,956","3,671","3,596"
Tennessee,"5,239","5,091","6,058","6,084","5,956","6,214","6,560","6,145","5,879","5,886","5,382","5,758","5,286","5,296","6,073","5,869","5,874","6,042","6,316","6,093","5,881","5,844","5,343","6,015","5,565","5,193","6,186","5,819","5,993","6,060","6,241","6,080","5,658","5,848","5,468","5,753","5,666","5,232","6,022","5,943","6,072","6,186","6,436","6,200","5,873","5,995","5,613","5,831","5,644","5,270","6,193","6,165","6,209","6,395","6,729","6,367","6,059","6,107","5,575","6,112","5,947","5,033","6,303","6,359","6,504","6,768","7,072","6,300","6,096","6,291","5,789","6,244","6,126","5,636","6,767","6,633","6,650","7,016","7,227","6,495","6,253","6,451","6,020","6,383","6,302","5,968","6,907","6,753","6,918","7,295","7,393","6,797","6,413","6,579","6,233","6,570","5,914","5,345","6,555","6,564","6,726","7,105","7,359","6,592","6,131","6,599","6,095","6,452","6,227","5,331","7,052","7,150","7,245","7,395","7,776","7,012","6,781","7,012","6,416","7,153","7,034","5,508","5,842","4,467","6,030","7,046","7,190","6,473","6,438","6,767","6,279","6,686","6,404","5,136","7,104","6,905","7,188","7,737","7,994","6,727","6,640","6,970","7,031","7,173","6,070","5,938","7,273","6,951","7,410","7,120","7,092","7,367","7,129","7,208","6,910","6,845"
Texas,"18,668","18,490","21,357","20,333","20,941","20,240","20,728","21,030","20,023","20,980","19,669","19,108","18,351","17,635","20,897","19,602","19,963","19,335","19,684","20,072","19,386","19,932","18,983","18,166","18,693","18,350","21,088","19,749","20,828","19,844","20,111","20,714","19,377","20,547","19,572","18,048","19,306","19,220","21,934","20,590","21,682","20,483","21,166","21,803","20,352","21,421","20,083","18,768","19,621","19,376","22,182","21,221","21,996","20,869","21,496","21,961","21,037","22,399","20,713","20,106","20,204","19,927","22,669","21,882","22,688","21,862","22,762","22,722","22,153","22,610","21,354","20,701","20,597","19,631","22,892","21,801","22,929","22,140","23,381","23,671","21,962","22,574","21,517","20,319","21,095","20,923","24,062","22,487","23,867","22,511","22,950","23,183","22,796","23,512","22,417","20,818","21,383","20,741","24,757","23,580","24,883","23,616","24,071","24,889","22,874","23,845","22,718","21,850","22,072","21,039","23,934","23,443","24,210","23,137","24,479","24,689","23,057","23,859","22,721","22,751","22,528","22,078","20,005","14,722","18,869","20,357","21,174","21,101","21,776","22,196","20,277","21,807","19,970","18,053","24,406","22,554","23,921","23,982","24,814","23,968","24,313","24,675","24,657","26,527","22,934","21,544","25,882","24,339","25,841","24,847","24,955","25,298","24,974","26,020","24,437","25,828"
Alaska,338,329,393,443,498,471,501,486,429,444,356,365,344,328,401,423,464,466,487,479,428,443,364,345,303,304,366,405,466,446,463,461,391,424,338,339,306,297,362,393,458,430,458,446,384,407,323,324,307,302,364,401,459,425,451,443,385,412,339,342,356,322,395,439,499,466,485,474,412,441,350,369,362,337,407,447,492,461,474,474,414,434,367,361,354,326,397,437,499,469,482,479,417,437,366,365,355,322,397,444,526,498,516,500,430,470,373,392,362,326,439,488,553,520,541,529,442,491,381,416,377,357,355,320,448,442,474,449,406,431,310,391,368,357,441,492,538,544,556,533,467,488,407,424,346,384,473,469,510,567,577,601,526,480,402,399
Arizona,"4,672","5,158","5,495","5,491","5,535","5,618","5,044","4,479","4,527","4,908","4,769","5,454","4,751","4,994","5,233","5,312","5,482","5,823","4,855","4,437","4,666","4,879","4,910","5,468","4,831","4,831","5,197","5,342","5,415","5,389","4,744","4,356","4,335","4,850","4,602","5,169","4,866","4,814","5,307","5,507","5,565","5,424","4,909","4,442","4,408","4,894","4,621","5,296","5,016","4,911","5,343","5,604","5,591","5,460","4,923","4,450","4,425","5,055","4,718","5,476","5,187","5,200","5,629","5,871","5,873","5,812","5,142","4,524","4,713","5,213","4,909","5,732","5,470","5,494","5,937","6,259","6,211","6,068","5,151","4,764","4,918","5,380","5,170","6,037","5,633","5,496","6,038","6,388","6,344","6,104","5,162","4,752","4,975","5,470","5,318","6,141","5,717","5,506","5,973","6,401","6,351","6,027","5,409","5,121","4,871","5,626","5,390","6,314","5,798","5,497","5,787","6,572","6,673","6,111","5,688","5,233","4,867","5,655","5,023","6,102","5,656","5,626","5,122","4,265","5,242","5,681","5,033","4,403","4,818","5,463","4,823","6,021","5,540","5,810","6,377","6,853","6,906","6,873","5,940","5,130","5,566","6,016","6,155","6,259","5,870","5,688","6,667","6,359","6,435","6,464","6,671","6,541","6,497","6,663","6,169","6,356"
California,"21,961","23,161","27,712","28,944","27,926","29,451","29,041","29,755","24,258","27,964","29,073","28,940","22,371","21,948","25,957","28,395","26,379","28,578","28,276","29,175","23,749","27,621","28,782","29,146","22,090","22,128","25,917","28,039","27,000","28,401","28,136","29,043","23,394","27,525","28,630","27,793","22,419","22,069","26,462","29,273","27,426","28,893","28,716","28,958","23,324","28,772","28,996","29,046","23,062","22,390","26,755","29,174","27,497","28,842","28,636","29,201","24,466","29,341","29,862","29,486","24,703","24,421","28,900","31,072","29,006","31,154","30,757","30,638","26,301","32,068","32,442","33,468","24,667","25,229","29,981","31,685","30,119","32,365","32,352","32,221","27,800","31,770","34,354","33,859","23,997","24,050","28,940","31,267","29,476","31,176","30,725","30,898","26,332","31,213","33,156","32,638","25,629","24,411","28,313","31,240","29,260","30,901","30,228","30,158","25,366","31,964","32,119","32,333","25,741","23,627","28,243","31,193","28,595","30,500","30,789","30,448","26,237","32,048","31,617","32,425","24,653","23,985","22,454","18,389","21,361","26,418","27,596","25,568","23,835","29,438","28,596","27,322","20,333","22,538","26,752","27,147","27,444","30,237","30,037","28,058","25,060","29,759","27,314","27,217","25,724","25,405","28,954","27,335","29,395","29,428","29,910","29,681","29,121","29,282","26,728","24,994"
Colorado,"3,944","3,487","4,358","4,276","4,132","3,929","4,124","4,499","4,107","4,191","3,573","3,938","3,830","3,420","4,422","4,121","3,843","3,753","3,856","4,243","3,873","3,879","3,335","3,758","3,839","3,331","4,299","4,049","3,996","3,732","3,823","4,318","3,928","3,985","3,723","3,756","3,894","3,435","4,248","4,062","4,125","3,844","3,982","4,513","3,988","4,168","3,941","3,971","4,028","3,555","4,404","4,315","4,229","3,968","4,123","4,611","4,267","4,473","3,687","4,204","4,295","3,628","4,589","4,426","4,269","4,187","4,331","4,698","4,340","4,445","3,705","4,202","4,401","3,861","4,621","4,486","4,424","4,337","4,474","4,890","4,518","4,596","3,992","4,393","4,429","3,985","4,863","4,561","4,553","4,393","4,466","4,922","4,490","4,555","4,054","4,479","4,740","3,869","5,062","4,817","4,610","4,408","4,479","5,007","4,521","4,602","3,869","4,464","4,705","3,895","4,675","4,811","4,528","4,346","4,624","5,068","4,646","4,644","3,811","4,387","4,642","3,784","3,670","2,757","3,458","3,849","4,220","4,520","4,284","4,434","3,435","3,988","4,187","3,596","4,667","4,277","4,373","4,524","4,584","4,869","4,586","4,832","4,332","4,361","3,969","3,837","4,365","4,024","4,695","4,813","4,941","5,053","4,856","4,835","4,179","4,269"
Hawaii,793,650,798,818,628,832,877,835,"1,055","1,148",823,851,763,659,789,801,614,818,855,785,"1,009","1,121",808,864,830,659,792,804,627,815,865,844,"1,022","1,143",823,844,838,667,812,841,647,832,895,859,"1,053","1,170",834,862,844,665,819,836,648,834,896,849,"1,065","1,161",839,867,"1,018",853,985,"1,097",812,"1,018","1,124","1,166","1,202","1,316",912,929,971,820,941,"1,037",761,981,"1,047","1,067","1,113","1,176",839,857,870,728,843,923,702,868,939,991,"1,019","1,087",773,770,892,740,853,945,715,891,980,"1,092","1,115","1,136",868,856,964,753,863,981,724,896,"1,011","1,118","1,142","1,282",811,830,903,754,677,490,437,640,731,693,741,853,630,691,710,629,746,771,605,824,908,881,955,"1,073",907,927,880,855,952,824,854,854,891,902,875,925,911,922
Idaho,"1,111","1,106","1,266","1,262","1,325","1,382","1,524","1,511","1,369","1,348","1,169","1,124","1,112","1,120","1,256","1,231","1,291","1,373","1,494","1,502","1,368","1,321","1,164","1,177","1,130","1,113","1,251","1,273","1,368","1,404","1,517","1,548","1,365","1,356","1,232","1,153","1,137","1,138","1,313","1,321","1,444","1,457","1,581","1,601","1,403","1,422","1,275","1,188","1,198","1,143","1,326","1,368","1,470","1,490","1,616","1,612","1,461","1,467","1,257","1,258","1,225","1,217","1,379","1,408","1,492","1,564","1,669","1,635","1,506","1,500","1,332","1,278","1,238","1,232","1,416","1,461","1,549","1,622","1,706","1,715","1,570","1,508","1,406","1,254","1,189","1,188","1,424","1,443","1,561","1,617","1,710","1,729","1,552","1,538","1,415","1,310","1,279","1,247","1,432","1,441","1,571","1,637","1,758","1,731","1,560","1,602","1,399","1,369","1,301","1,225","1,436","1,508","1,554","1,630","1,780","1,714","1,599","1,590","1,383","1,372","1,298","1,317","1,191",990,"1,244","1,439","1,615","1,553","1,504","1,574","1,283","1,305","1,293","1,314","1,530","1,535","1,614","1,768","1,856","1,727","1,637","1,625","1,537","1,503","1,371","1,358","1,595","1,585","1,701","1,756","1,795","1,799","1,723","1,717","1,478","1,418"
Montana,649,673,788,812,924,"1,105","1,341","1,296","1,031",957,860,819,659,674,759,808,920,"1,100","1,375","1,332","1,038",950,853,821,659,691,790,822,951,"1,149","1,344","1,334","1,036",960,879,837,690,728,825,848,"1,028","1,185","1,435","1,415","1,081",998,938,867,715,673,804,881,"1,039","1,221","1,485","1,440","1,124","1,046",933,934,765,778,897,936,"1,090","1,345","1,558","1,495","1,160","1,072",980,946,764,790,905,928,"1,100","1,373","1,568","1,534","1,190","1,064","1,055",910,733,727,878,900,"1,096","1,339","1,535","1,503","1,124","1,045",958,900,755,690,856,892,"1,098","1,310","1,552","1,502","1,140","1,088",946,988,783,678,844,928,"1,067","1,315","1,540","1,496","1,173","1,045",945,953,789,827,777,655,911,"1,221","1,465","1,426","1,160",991,892,915,778,797,980,969,"1,103","1,446","1,632","1,495","1,226","1,142","1,018",958,905,873,"1,070","1,029","1,165","1,269","1,387","1,375","1,268","1,174",938,893
Nevada,"1,511","1,414","1,743","1,690","1,861","1,661","1,770","1,720","1,648","1,741","1,640","1,710","1,586","1,430","1,643","1,724","1,770","1,659","1,742","1,749","1,667","1,687","1,660","1,850","1,558","1,487","1,819","1,738","1,981","1,704","1,793","1,818","1,697","1,790","1,704","1,731","1,794","1,690","2,104","1,991","2,265","1,958","2,079","2,090","1,961","2,104","1,994","2,068","1,854","1,734","2,170","2,079","2,316","2,010","2,148","2,131","2,003","2,190","2,002","2,164","1,974","1,873","2,286","2,185","2,394","2,126","2,273","2,216","2,121","2,283","2,124","2,214","1,991","1,907","2,358","2,254","2,473","2,201","2,338","2,305","2,228","2,359","2,267","2,328","1,995","1,939","2,454","2,325","2,577","2,262","2,427","2,419","2,290","2,448","2,268","2,399","2,172","2,048","2,414","2,388","2,647","2,261","2,463","2,410","2,250","2,519","2,340","2,326","2,172","1,954","2,457","2,523","2,596","2,224","2,450","2,351","2,256","2,481","2,288","2,426","2,185","2,028","1,932","1,440","1,872","2,020","2,246","2,156","1,978","2,152","1,887","2,208","1,958","2,007","2,470","2,294","2,530","2,443","2,521","2,346","2,303","2,523","2,378","2,301","2,208","2,125","2,478","2,303","2,412","2,468","2,516","2,589","2,446","2,530","2,299","2,214"
New Mexico,"2,132","1,961","2,169","2,153","2,298","2,195","2,447","2,317","2,164","2,414","2,107","2,248","2,146","1,957","2,132","2,086","2,215","2,152","2,364","2,212","2,066","2,305","2,110","2,001","2,090","1,917","2,070","2,085","2,190","2,011","2,256","2,125","1,925","2,172","1,885","1,966","2,086","1,933","2,126","2,171","2,264","2,046","2,328","2,185","1,969","2,245","1,892","2,069","2,147","1,956","2,137","2,201","2,298","2,109","2,411","2,231","2,051","2,341","1,962","2,165","2,133","1,970","2,207","2,274","2,348","2,156","2,464","2,242","2,102","2,349","1,974","2,148","2,170","2,003","2,219","2,246","2,329","2,152","2,451","2,244","2,131","2,305","2,021","2,077","2,345","2,094","2,336","2,421","2,541","2,285","2,585","2,390","2,221","2,488","2,215","2,250","2,339","2,122","2,386","2,440","2,540","2,310","2,605","2,476","2,220","2,528","2,147","2,197","2,340","2,119","2,534","2,647","2,683","2,456","2,856","2,641","2,428","2,762","2,034","2,237","2,251","2,013","1,879","1,403","1,890","2,019","2,355","2,082","2,032","2,408","1,794","2,111","2,047","1,831","2,261","2,323","2,485","2,350","2,681","2,328","2,258","2,571","2,280","2,266","2,052","1,866","2,313","2,223","2,482","2,330","2,407","2,259","2,316","2,394","2,198","2,186"
Oregon,"2,457","2,440","2,850","2,717","2,966","3,045","3,356","3,386","2,999","2,914","2,541","2,633","2,443","2,336","2,726","2,669","2,887","2,992","3,248","3,338","2,968","2,830","2,527","2,584","2,336","2,332","2,688","2,627","2,920","2,922","3,184","3,313","2,888","2,792","2,503","2,521","2,402","2,368","2,794","2,691","2,977","2,996","3,281","3,355","2,893","2,902","2,577","2,564","2,499","2,211","2,801","2,772","3,047","3,056","3,361","3,434","3,009","2,968","2,573","2,745","2,598","2,500","2,956","2,899","3,183","3,268","3,496","3,512","3,165","3,102","2,718","2,803","2,644","2,623","3,071","3,074","3,327","3,378","3,588","3,657","3,297","3,133","2,905","2,795","2,425","2,532","3,069","3,024","3,372","3,398","3,627","3,693","3,269","3,247","2,902","2,970","2,769","2,566","3,131","2,970","3,372","3,371","3,601","3,612","3,219","3,332","2,846","3,093","2,823","2,393","3,088","3,034","3,303","3,334","3,547","3,587","3,246","3,241","2,778","2,942","2,694","2,637","2,457","1,949","2,429","2,850","3,299","3,345","2,894","3,017","2,472","2,567","2,379","2,418","2,935","2,890","3,052","3,226","3,488","3,336","3,092","2,988","2,805","2,671","2,612","2,537","2,956","2,869","3,044","3,176","3,372","3,376","3,141","3,072","2,692","2,676"
Utah,"1,926","1,829","2,268","2,253","2,176","2,182","2,391","2,506","2,218","2,203","1,999","1,994","2,005","1,856","2,227","2,281","2,179","2,214","2,386","2,525","2,220","2,222","2,041","2,063","2,000","1,887","2,341","2,289","2,276","2,244","2,346","2,574","2,222","2,272","2,106","2,005","1,963","1,862","2,355","2,315","2,304","2,238","2,396","2,576","2,197","2,283","2,102","2,021","2,064","1,878","2,338","2,349","2,313","2,267","2,441","2,608","2,273","2,361","2,113","2,142","2,223","2,051","2,501","2,483","2,423","2,452","2,612","2,742","2,424","2,473","2,256","2,254","2,237","2,117","2,608","2,582","2,535","2,561","2,699","2,893","2,540","2,535","2,373","2,358","2,328","2,236","2,794","2,725","2,741","2,723","2,839","3,080","2,671","2,718","2,532","2,487","2,585","2,312","2,797","2,780","2,812","2,798","2,960","3,113","2,716","2,878","2,561","2,513","2,626","2,303","2,734","2,818","2,705","2,706","2,933","3,056","2,726","2,845","2,515","2,584","2,537","2,313","2,328","1,724","2,170","2,444","2,681","2,793","2,609","2,710","2,252","2,383","2,433","2,298","2,906","2,958","2,997","2,845","3,096","3,144","2,809","2,821","2,683","2,780","2,622","2,632","2,940","2,841","2,904","2,806","3,011","3,077","2,950","2,999","2,726","2,767"
Washington,"4,042","4,098","4,538","4,908","5,052","5,228","5,676","5,569","5,188","4,845","4,191","4,267","3,994","3,950","4,446","4,864","4,872","5,054","5,376","5,444","4,926","4,715","4,203","4,283","3,763","3,998","4,356","4,744","5,033","5,032","5,434","5,467","4,942","4,423","4,261","4,202","4,085","4,097","4,606","4,965","5,205","5,215","5,659","5,587","4,991","4,600","4,393","4,379","4,035","3,896","4,611","5,036","5,290","5,259","5,182","5,465","5,118","4,665","4,324","4,417","4,097","4,360","4,926","5,000","5,539","5,570","5,526","5,358","5,463","4,876","4,588","4,529","4,181","4,466","5,096","5,228","5,702","5,737","5,718","5,660","5,702","4,894","4,836","4,660","4,113","4,261","5,060","5,070","5,710","5,704","5,799","5,732","5,668","5,015","4,757","4,680","4,383","4,474","5,186","5,077","5,871","5,729","5,841","5,603","5,647","5,302","4,906","4,819","4,586","4,089","5,245","5,404","6,041","5,881","5,816","5,626","5,721","5,241","4,811","4,813","4,293","4,712","3,943","3,257","4,111","4,498","5,088","4,958","5,187","4,656","4,203","4,223","3,905","4,548","4,953","4,793","5,555","5,737","5,743","5,359","5,619","4,979","4,715","4,420","4,112","4,024","5,010","4,928","5,379","5,581","6,133","6,174","5,467","5,209","4,499","4,027"
Wyoming,661,628,684,747,831,892,994,958,875,852,737,746,658,619,709,774,802,880,998,959,864,824,764,763,661,616,713,763,840,888,967,974,876,872,772,738,642,593,674,700,815,845,948,936,829,802,721,714,636,574,665,737,812,848,967,943,860,870,720,740,669,627,715,769,823,880,996,975,887,877,736,728,655,621,691,747,834,893,983,958,880,861,758,714,618,586,694,738,817,876,967,983,875,859,756,723,653,578,700,742,813,844,968,971,878,867,702,724,662,582,701,808,855,879,"1,027",972,927,898,770,795,738,687,687,636,742,872,999,"1,007",951,936,752,736,692,643,766,805,859,971,"1,089","1,038",953,928,810,742,731,708,812,803,923,"1,007","1,057","1,045",958,910,738,738
